area,habilidade,delta_pp,p_obs,p_esp,z,delta_pp_2024,delta_pp_2025,consistente,n_alunos_item,n_itens
CH,2,-1.73,0.3422,0.3595,-16.4,-1.4,-2.4,sim,206917,3
CH,12,-1.29,0.2491,0.262,-13.4,-2.22,-0.83,sim,206906,3
CH,8,0.11,0.4376,0.4366,0.8,1.7,-1.48,não,137941,2
CH,11,0.15,0.3465,0.3449,1.7,3.06,-2.76,não,275882,4
CH,15,0.41,0.5849,0.5808,3.8,-0.69,2.62,não,206917,3
CH,16,0.58,0.3163,0.3105,5.7,0.22,1.29,sim,206917,3
CH,21,0.76,0.4377,0.4301,8.1,-2.05,3.58,não,275882,4
CH,25,0.9,0.4747,0.4657,8.2,-3.07,2.88,não,206906,3
CH,4,1.04,0.4225,0.4121,11.1,2.71,-0.63,não,275882,4
CH,6,1.13,0.5525,0.5412,8.4,5.67,-3.41,não,137941,2
CH,9,1.14,0.3918,0.3803,8.7,-1.31,3.59,não,137941,2
CH,24,1.4,0.4406,0.4266,12.9,-1.8,3.0,não,206906,3
CH,17,1.44,0.4087,0.3943,11.0,-0.79,3.68,não,137941,2
CH,10,1.45,0.3721,0.3576,13.7,1.77,0.79,sim,206917,3
CH,22,1.79,0.4762,0.4583,16.3,-2.45,3.91,não,206906,3
CH,3,1.88,0.4346,0.4158,20.0,2.31,0.57,sim,275893,4
CH,30,2.18,0.3377,0.3159,17.4,4.1,0.26,sim,137941,2
CH,1,2.24,0.313,0.2907,25.9,1.03,3.44,sim,275882,4
CH,20,2.28,0.46,0.4372,17.1,1.39,3.17,sim,137941,2
CH,23,2.56,0.3628,0.3372,31.8,1.29,3.41,sim,344847,5
CH,26,2.88,0.3588,0.33,32.2,4.48,1.28,sim,275882,4
CH,27,2.99,0.4388,0.4089,27.7,0.03,4.47,sim,206906,3
CH,7,3.02,0.3307,0.3005,34.6,2.73,3.3,sim,275882,4
CH,13,3.75,0.2966,0.2591,31.8,3.69,3.81,sim,137941,2
CH,19,3.94,0.4863,0.4469,36.1,-2.35,7.09,não,206906,3
CH,18,4.18,0.3944,0.3526,32.5,3.9,4.45,sim,137941,2
CH,28,4.24,0.4934,0.451,38.8,7.56,2.58,sim,206906,3
CH,5,4.5,0.4059,0.3609,49.2,5.14,2.57,sim,275893,4
CH,14,4.78,0.4957,0.4478,35.7,5.09,4.48,sim,137941,2
CH,29,5.18,0.4023,0.3505,40.3,4.38,5.97,sim,137941,2
CN,27,-1.59,0.2925,0.3084,-12.4,-2.49,-0.69,sim,129957,2
CN,25,-1.22,0.3455,0.3578,-11.3,4.92,-13.59,não,195146,3
CN,12,-0.82,0.3401,0.3483,-7.6,-0.85,-0.76,sim,195146,3
CN,19,-0.19,0.2624,0.2643,-1.6,5.72,-6.14,não,129957,2
CN,3,1.02,0.2476,0.2374,10.6,0.0,1.54,sim,194725,3
CN,5,1.28,0.2125,0.1997,16.4,4.68,-2.13,não,259896,4
CN,11,1.48,0.3261,0.3113,14.1,1.92,0.6,sim,195146,3
CN,20,1.55,0.2149,0.1993,19.8,2.25,0.86,sim,259914,4
CN,4,1.62,0.4685,0.4523,11.8,-0.92,4.18,não,129957,2
CN,22,1.92,0.3198,0.3006,18.4,0.27,2.74,sim,194725,3
CN,8,2.39,0.2722,0.2483,24.4,3.39,0.37,sim,195146,3
CN,26,2.96,0.2067,0.1771,34.3,3.61,1.65,sim,195146,3
CN,24,3.14,0.3204,0.2891,35.2,1.26,5.03,sim,259499,4
CN,6,3.36,0.3114,0.2778,27.0,4.64,2.07,sim,129957,2
CN,23,3.37,0.3678,0.3341,36.4,4.54,2.2,sim,259914,4
CN,28,3.39,0.4526,0.4187,39.1,6.01,1.63,sim,324682,5
CN,2,3.47,0.2607,0.226,36.6,3.54,3.31,sim,195146,3
CN,30,3.68,0.4106,0.3739,27.4,3.08,4.28,sim,129957,2
CN,18,4.6,0.2599,0.2139,49.6,4.87,4.07,sim,195146,3
CN,13,4.69,0.4271,0.3802,34.8,3.5,5.88,sim,129957,2
CN,15,4.76,0.3372,0.2896,46.3,2.24,9.82,sim,195146,3
CN,1,5.08,0.3493,0.2985,49.0,8.2,3.5,sim,194697,3
CN,9,5.12,0.2287,0.1774,48.4,8.78,1.44,sim,129957,2
CN,14,5.18,0.2816,0.2298,54.4,4.26,7.04,sim,195146,3
CN,17,5.28,0.3339,0.2811,51.8,4.64,5.61,sim,194684,3
CN,10,5.46,0.482,0.4274,39.8,2.91,8.03,sim,129957,2
CN,29,5.82,0.4703,0.4121,42.6,4.13,7.53,sim,129957,2
CN,7,6.13,0.2645,0.2033,67.2,10.86,3.75,sim,194684,3
CN,21,7.18,0.4216,0.3498,66.5,10.36,5.58,sim,194725,3
CN,16,9.12,0.4355,0.3443,69.2,7.31,10.95,sim,129957,2
LC,11,-5.52,0.7063,0.7614,-48.1,-2.96,-8.07,sim,137941,2
LC,21,-2.7,0.6844,0.7114,-22.1,-5.87,0.48,não,137941,2
LC,27,-1.95,0.4526,0.4721,-14.5,-1.23,-2.68,sim,137941,2
LC,20,-1.17,0.4916,0.5034,-12.3,-0.86,-1.49,sim,275882,4
LC,4,-1.09,0.6168,0.6277,-11.9,-4.05,1.86,não,275882,4
LC,10,-0.73,0.6524,0.6597,-7.0,0.89,-3.98,não,206917,3
LC,28,-0.34,0.3988,0.4022,-2.6,-0.54,-0.14,sim,137941,2
LC,12,-0.29,0.5124,0.5153,-2.6,0.79,-0.83,não,206906,3
LC,9,0.17,0.6801,0.6783,1.9,1.32,-0.98,não,275882,4
LC,25,0.29,0.3425,0.3396,2.8,-0.82,2.5,não,206886,3
LC,3,0.35,0.6382,0.6346,2.7,-0.45,1.16,não,137941,2
LC,14,0.52,0.4166,0.4114,4.8,-0.69,2.94,não,206917,3
LC,18,0.68,0.3763,0.3695,8.3,-0.2,2.0,não,344815,5
LC,2,1.04,0.6602,0.6499,9.9,-0.79,1.95,não,206906,3
LC,30,1.24,0.4883,0.4758,11.3,1.9,0.91,sim,206906,3
LC,26,1.46,0.5,0.4854,13.3,4.94,-0.28,não,206906,3
LC,29,1.55,0.3515,0.336,14.9,-1.19,2.92,não,206906,3
LC,22,1.71,0.3131,0.296,19.7,-1.01,4.44,não,275882,4
LC,19,1.79,0.577,0.5591,13.4,-1.46,5.04,não,137941,2
LC,24,1.8,0.4544,0.4364,16.5,3.3,1.05,sim,206875,3
LC,8,1.81,0.3601,0.342,14.4,2.34,0.8,sim,141331,5
LC,23,1.83,0.6114,0.5931,13.8,-1.6,5.25,não,137941,2
LC,7,2.15,0.5806,0.5591,20.7,4.53,-0.23,não,227684,6
LC,6,2.29,0.5835,0.5606,19.7,2.6,2.1,sim,182736,5
LC,15,2.3,0.4416,0.4185,27.4,-0.49,6.49,não,344858,5
LC,13,2.46,0.4187,0.3941,26.4,3.36,-0.25,não,275893,4
LC,17,2.79,0.4067,0.3788,30.2,3.29,2.29,sim,275882,4
LC,16,4.23,0.4193,0.377,39.7,5.2,3.75,sim,206906,3
LC,5,4.59,0.5453,0.4994,34.1,4.53,4.64,sim,137941,4
LC,1,5.08,0.4387,0.3879,38.7,0.94,9.22,sim,137941,2
MT,10,-5.58,0.3783,0.4341,-40.6,-3.11,-8.07,sim,129957,2
MT,11,-3.8,0.2412,0.2792,-37.4,-4.0,-3.7,sim,194725,3
MT,21,-3.22,0.2546,0.2868,-25.7,-3.22,,não,130378,2
MT,19,-2.78,0.2849,0.3127,-30.6,-3.37,-2.19,sim,259914,4
MT,14,-1.79,0.2753,0.2932,-14.2,-3.52,-0.05,sim,129957,2
MT,18,-1.46,0.2121,0.2266,-15.4,-0.22,-2.08,sim,194725,3
MT,29,-1.43,0.2509,0.2651,-14.3,-1.67,-1.3,sim,194725,3
MT,28,-0.54,0.2215,0.2269,-6.6,-1.16,0.08,não,259914,4
MT,12,-0.52,0.2994,0.3045,-5.7,-1.33,0.3,não,259896,4
MT,6,-0.46,0.3052,0.3098,-4.4,-1.27,-0.06,sim,194292,3
MT,16,-0.27,0.3669,0.3695,-2.8,-1.36,0.83,não,259914,4
MT,20,0.06,0.4752,0.4746,0.4,0.17,-0.05,não,129957,2
MT,2,0.07,0.207,0.2063,0.9,-0.23,0.38,não,259914,4
MT,9,0.07,0.2447,0.244,0.7,-1.48,0.85,não,194725,3
MT,22,0.11,0.1863,0.1853,1.2,0.56,-0.8,não,195146,3
MT,13,0.12,0.2103,0.2091,1.3,1.51,-2.68,não,195146,3
MT,25,0.18,0.4103,0.4085,1.9,-0.53,0.9,não,259914,4
MT,27,0.34,0.4614,0.458,3.0,2.04,-3.09,não,195146,3
MT,1,0.45,0.447,0.4425,4.0,-1.22,3.8,não,195146,3
MT,4,0.74,0.4355,0.4281,7.6,-2.41,3.9,não,259914,4
MT,5,0.86,0.2796,0.2709,7.0,1.02,0.7,sim,129957,2
MT,15,0.94,0.2898,0.2804,9.2,2.43,-2.07,não,195128,3
MT,23,1.27,0.3031,0.2903,10.1,1.04,1.51,sim,129957,2
MT,7,1.39,0.2973,0.2834,11.1,2.36,0.41,sim,129957,2
MT,30,1.68,0.2579,0.2412,14.1,2.05,1.3,sim,129957,2
MT,24,1.8,0.3832,0.3652,13.5,0.13,3.49,sim,129957,2
MT,8,2.09,0.358,0.3372,22.5,3.94,0.22,sim,259499,4
MT,26,2.38,0.4619,0.4381,17.3,7.66,-2.93,não,129957,2
MT,3,5.12,0.3592,0.308,56.6,4.41,5.85,sim,259914,4
MT,17,5.43,0.4224,0.3681,40.6,6.97,3.88,sim,129957,2
